{
  "title-overlay": {
    "xFrac": 0.25234941123188404,
    "yFrac": 0.0410829307568438,
    "wFrac": 0.42892323369565216,
    "hFrac": 0.11594202898550725,
    "opacity": 1,
    "hidden": false
  },
  "left-panel": {
    "xFrac": 0.02634171195652174,
    "yFrac": 0.09308574879227054,
    "wFrac": 0.1213768115942029,
    "hFrac": 0.4588365539452496,
    "opacity": 1,
    "hidden": false
  },
  "right-panel": {
    "xFrac": 0.7615828804347826,
    "yFrac": 0.15611916264090178,
    "wFrac": 0.21266983695652175,
    "hFrac": 0.33573872785829306,
    "opacity": 1,
    "hidden": false
  },
  "chart-overlay": {
    "xFrac": 0.11153759057971015,
    "yFrac": 0.7493860708534622,
    "wFrac": 0.7767776268115942,
    "hFrac": 0.16939412238325283,
    "opacity": 1,
    "hidden": false
  },
  "camera": {
    "pitch": 0,
    "bearing": 0
  },
  "units": {
    "temp": "C",
    "wind": "kmh"
  },
  "settings": {
    "chartMode": "power-elevation",
    "powerSmoothing": 10,
    "mapTheme": "apple",
    "useRecalc": false,
    "isPhotoMapMode": false,
    "photoOpacity": 1,
    "mapOpacity": 1,
    "mapLayerVisibility": {
      "roads": true,
      "labels": true,
      "parks": true,
      "water": true,
      "land": true
    },
    "mapBlendMode": "hard-light",
    "photoGrayscale": false,
    "ftp": 245,
    "titleAutoSize": true
  }
}